type,x_0,x_1,x_2,x_3,x_4,x_5,x_6,x_7,x_8,x_9,x_10,x_11,x_12,x_13,x_14,x_15,x_16,x_17,x_18,x_19,x_20,x_21,x_22,x_23,x_24,x_25,x_26,x_27,x_28,x_29,x_30,x_31,x_32,x_33,x_34,x_35,x_36,x_37,x_38,x_39,x_40,x_41,x_42,x_43,x_44,x_45,x_46,x_47,x_48,x_49,x_50,x_51,x_52,x_53,x_54,x_55,x_56,x_57,x_58,x_59,x_60,x_61,x_62,x_63,x_64,x_65,x_66,x_67,x_68,x_69,x_70,x_71,x_72,x_73,x_74,x_75,x_76,x_77,x_78,x_79,x_80,x_81,x_82,x_83,x_84,x_85,x_86,x_87,x_88,x_89,x_90,x_91,x_92,x_93,x_94,x_95,x_96,x_97,x_98,x_99,x_100,x_101,x_102,x_103,x_104,x_105,x_106,x_107,x_108,x_109,x_110,x_111,x_112,x_113,x_114,x_115,x_116,x_117,x_118,x_119,x_120,x_121,x_122,x_123,x_124,x_125,x_126,x_127
377,0.75218475,-0.22422342,-0.29787064,0.13255645,0.032044448,-0.2288921,-0.47725308,0.36720207,-0.14584984,0.025266834,-0.3498548,0.08379158,0.009766304,0.07650941,-0.07419734,-0.057662252,-0.19806135,-0.1454244,-0.06766382,-0.1745707,0.100238,0.20767525,-0.036300328,0.19978175,-0.3955136,-0.16573615,0.50485104,-0.079855666,0.3840962,0.11870365,-0.093456805,0.57467866,-0.6686738,-0.2555705,-0.047305454,-0.33600426,-0.11457158,0.037260886,0.32785225,-0.6542453,0.045103163,-0.3697674,0.2529804,-0.28995574,-0.17336501,0.42566925,0.16075309,0.38516474,-0.046720058,0.12682869,-0.19691473,0.15207516,0.30963555,0.33550468,-0.10854086,-0.35923854,-0.16495207,0.118406825,-0.547972,-0.0711201,-0.1666331,0.060187627,0.2059088,-0.19090357,0.2496769,0.071415395,0.0074869273,-0.15825824,0.16787498,0.058592148,0.13902877,0.3438429,0.28676033,-0.17597263,-0.03225504,0.09426893,-0.013815157,0.034968078,0.10917055,-0.5256623,0.036513742,0.3568261,-0.15008038,0.02223098,-0.06056005,-0.025319288,0.018783092,-0.24418491,-0.25316623,-0.32345712,0.08828659,0.14326029,-0.356121,-0.09727891,-0.029733697,0.19480383,0.11520713,0.03968985,-0.21453638,-0.1546568,-0.69520265,0.087339506,-0.12075001,-0.18174016,0.20016877,0.3908386,-0.0035952714,-0.07942343,-0.016868087,0.0031543102,0.116491206,-0.5347767,-0.1825703,0.39462385,0.15956025,-0.10048951,0.015927806,-0.00666049,0.06369901,0.045496196,0.2829891,0.22067079,-0.47621733,0.5072021,-0.22316547,-0.035657585,-0.59543335,0.17546163
522,0.7732602,-0.2388143,-0.28131914,0.12550367,0.03714807,-0.2642408,-0.4937768,0.37876442,-0.14887635,-0.0022657209,-0.36987618,0.08594969,0.0038212296,0.0627806,-0.07569173,-0.04180698,-0.19958286,-0.15014352,-0.08192152,-0.17638706,0.09953471,0.21284977,-0.0465638,0.17583218,-0.40410477,-0.16749455,0.5101799,-0.09450652,0.3705799,0.1360887,-0.10012677,0.5860248,-0.69196814,-0.26649636,-0.05830255,-0.33716685,-0.1323446,0.026184605,0.33325648,-0.66366404,0.032245517,-0.39231467,0.24189916,-0.32480305,-0.1761266,0.44088656,0.15564047,0.40855813,-0.052485384,0.14559759,-0.20818129,0.15657638,0.3253777,0.33536488,-0.11137817,-0.3754308,-0.16454606,0.13540354,-0.5564048,-0.05950105,-0.17394005,0.04882839,0.19622236,-0.20050885,0.24213095,0.07715681,-0.01417321,-0.16656592,0.16588071,0.06544162,0.13229328,0.3578156,0.307145,-0.18207736,-0.025775077,0.120252125,-0.002593111,0.04785472,0.116259895,-0.5456522,0.053595338,0.35538185,-0.13705488,0.019768609,-0.08910271,-0.017775455,0.0069046193,-0.27003673,-0.28719705,-0.34078953,0.084188536,0.16246669,-0.3395191,-0.09550371,-0.026991205,0.18057385,0.10576072,0.06823144,-0.21699938,-0.17001535,-0.719655,0.09415975,-0.12313945,-0.1894335,0.19885428,0.3904915,0.0026228845,-0.061372247,-0.028724214,-0.0019223755,0.11225539,-0.5531789,-0.19624542,0.42348927,0.15937795,-0.10931981,0.0001271931,-0.0060119256,0.09613269,0.06445237,0.27944237,0.24028817,-0.4991402,0.5254995,-0.233974,-0.03668541,-0.6140929,0.16020933
584,0.73685086,-0.22928616,-0.29693416,0.13777526,0.03869693,-0.22810753,-0.4620593,0.35435167,-0.13886668,0.009028726,-0.36135766,0.0920509,0.012600805,0.054104663,-0.09283012,-0.05562059,-0.20166166,-0.15010518,-0.06735111,-0.18505304,0.09302595,0.20844723,-0.028929854,0.19162184,-0.3854076,-0.15772995,0.49902338,-0.09529091,0.36696452,0.10776229,-0.09801134,0.54901934,-0.6567294,-0.25341877,-0.03627581,-0.33413845,-0.11670431,0.030234434,0.3310351,-0.6278389,0.038092934,-0.38449168,0.24543183,-0.30462506,-0.19299331,0.41949177,0.15998891,0.3828207,-0.026607959,0.12729251,-0.20404729,0.14832494,0.2935763,0.3150119,-0.08864689,-0.35829872,-0.15147057,0.124562286,-0.53626895,-0.0693005,-0.17466411,0.059935328,0.20182653,-0.18825999,0.23561695,0.06738996,-0.0043097055,-0.15163726,0.1691167,0.055479493,0.13034572,0.3402985,0.26430342,-0.17922348,-0.03474555,0.090981275,-0.014271631,0.04339888,0.10393431,-0.5258331,0.053251605,0.3441759,-0.13695002,0.0086790845,-0.07122233,-0.023477,0.017101089,-0.24684975,-0.26699552,-0.32897288,0.077561155,0.13900341,-0.35094482,-0.088930346,-0.028159978,0.17878588,0.098727345,0.052702323,-0.20224553,-0.1643206,-0.6706537,0.10118592,-0.12789641,-0.16647573,0.20155786,0.38446873,-0.002835195,-0.06773115,-0.008418275,-0.0050926926,0.11172686,-0.5334643,-0.17422785,0.39300102,0.17515542,-0.10208886,-0.00432485,-0.0075260666,0.07933941,0.05261943,0.2743053,0.22652484,-0.46921074,0.49187866,-0.22485805,-0.029051004,-0.5817469,0.16807891
706,0.7779573,-0.23207077,-0.2912389,0.12509279,0.04084267,-0.24681589,-0.49584526,0.38932565,-0.13633476,-0.00080296386,-0.37945542,0.085987516,-0.000449361,0.051970806,-0.091372766,-0.047648843,-0.21035983,-0.15614295,-0.07175443,-0.18319175,0.10141216,0.2168266,-0.024360983,0.19667087,-0.41787848,-0.1676815,0.5293492,-0.07523744,0.3923845,0.13128002,-0.10118257,0.5766225,-0.6891689,-0.27696458,-0.060278453,-0.3529984,-0.12531497,0.03226527,0.3233198,-0.6569052,0.039415013,-0.38313615,0.26127934,-0.30607432,-0.16338931,0.43284106,0.16449459,0.40061814,-0.05150495,0.13081786,-0.18542235,0.13468923,0.3193166,0.33861858,-0.10934378,-0.3755796,-0.14492662,0.11051682,-0.5572073,-0.08081324,-0.17932981,0.048084393,0.18462075,-0.19669832,0.25026986,0.092264906,-0.01573201,-0.16554356,0.17509742,0.06411165,0.12416026,0.3590505,0.28570813,-0.16507101,-0.033260018,0.10783836,-0.010172242,0.037731614,0.11198401,-0.5521983,0.059477054,0.37285465,-0.1519491,0.0068082907,-0.0729951,-0.015809247,0.029746985,-0.2654713,-0.2587913,-0.31956112,0.08596995,0.15201932,-0.34783363,-0.11161437,-0.03716828,0.1935712,0.10388298,0.06690029,-0.22405148,-0.1744557,-0.7168467,0.10119253,-0.13303079,-0.18310311,0.19880669,0.39954284,-0.0005888363,-0.081937216,-0.017162297,-0.008187862,0.120526515,-0.53814787,-0.18364127,0.42259896,0.17759465,-0.105132066,0.023454016,-0.0005326999,0.07198292,0.049932607,0.28526306,0.22613086,-0.5003486,0.51139593,-0.23576802,-0.04004218,-0.60671335,0.16302069
714,0.7067014,-0.21399014,-0.28761986,0.13016954,0.035819996,-0.23336269,-0.4487736,0.33586973,-0.13005398,0.01789518,-0.34732735,0.08118607,0.023620863,0.058861554,-0.07184762,-0.04227414,-0.18394509,-0.14247535,-0.077834174,-0.16743177,0.08543478,0.19947313,-0.036824618,0.18244669,-0.37467498,-0.14034213,0.4880404,-0.08430756,0.35115385,0.105896845,-0.089958616,0.52866185,-0.6323073,-0.23444606,-0.03492887,-0.3041185,-0.109402835,0.032658305,0.31684825,-0.6034549,0.031530168,-0.3617999,0.23827608,-0.28342348,-0.18464808,0.40172195,0.14350617,0.37938252,-0.045149554,0.12694837,-0.19140893,0.14626327,0.27749825,0.29335034,-0.08800005,-0.35299626,-0.14346968,0.1115621,-0.5158581,-0.055679493,-0.15760805,0.06577228,0.18347023,-0.18045291,0.22367103,0.075997554,0.0063663,-0.1536595,0.15640311,0.04376615,0.12735696,0.320121,0.25691664,-0.18475637,-0.028162643,0.09704203,-0.017630016,0.045213122,0.098908246,-0.50800437,0.040144872,0.33168253,-0.123047926,0.009490908,-0.06361762,-0.021569995,0.017541813,-0.2316762,-0.24138133,-0.31887934,0.0880021,0.14270099,-0.3333583,-0.085632496,-0.015167386,0.17919299,0.101854175,0.041492186,-0.19859286,-0.16074015,-0.6417661,0.08824632,-0.10910284,-0.17483729,0.18356052,0.36865807,-0.007999487,-0.057970643,-0.022520544,0.011790518,0.10420233,-0.5149439,-0.1775575,0.38881814,0.15813483,-0.108673505,0.0009140179,-0.007845646,0.074578844,0.053143065,0.27328908,0.20307256,-0.4448474,0.48212165,-0.21523635,-0.038231812,-0.5559482,0.16457705
GSE117570_P2,0.7239367,-0.22080068,-0.2829117,0.12968253,0.053712007,-0.24532403,-0.45085472,0.34247565,-0.14854228,0.0075132474,-0.3487555,0.09496448,0.01278847,0.073534876,-0.0879353,-0.05032421,-0.185176,-0.15386446,-0.058835056,-0.18295321,0.08026586,0.19786493,-0.027700277,0.17150009,-0.3870841,-0.14003475,0.5040402,-0.09682532,0.35754105,0.10666497,-0.09672177,0.55108994,-0.6394531,-0.23902103,-0.040016577,-0.3254394,-0.12524956,0.044541858,0.31817743,-0.62216145,0.029924681,-0.36582914,0.23819382,-0.28276986,-0.17735678,0.39737013,0.13818163,0.3934269,-0.040037848,0.12397325,-0.18843223,0.14203657,0.29073748,0.31679857,-0.10803263,-0.34335738,-0.14968869,0.109790705,-0.5098456,-0.073097154,-0.16318488,0.050935626,0.17834494,-0.17524892,0.23785907,0.07965675,-0.004199528,-0.15766892,0.17142305,0.05557754,0.12739986,0.32397527,0.27513427,-0.18976012,-0.019946566,0.10384947,-0.008365665,0.050780263,0.11360354,-0.51135707,0.05266363,0.3327034,-0.12942755,0.014070184,-0.075271524,-0.014243829,0.019450797,-0.24731168,-0.2509267,-0.32142702,0.08944994,0.14276372,-0.32483333,-0.09035986,-0.01688852,0.17744865,0.102289505,0.043930504,-0.21748534,-0.16906893,-0.66797316,0.099193625,-0.11997997,-0.16782515,0.1903657,0.38233954,-0.015186848,-0.06389141,-0.027802348,0.00081538054,0.10464072,-0.5077973,-0.16711812,0.39950058,0.15499865,-0.09673628,0.008229182,0.002772378,0.067540675,0.06254992,0.26225036,0.21539785,-0.47114652,0.49121267,-0.22223435,-0.046680573,-0.5834981,0.16409126
LUSC-1,0.6209739,-0.18716553,-0.25520936,0.12219397,0.04177941,-0.19953641,-0.40579757,0.29774734,-0.12575455,0.006218608,-0.30533898,0.08593198,0.018377103,0.06136264,-0.07478297,-0.0373448,-0.16778308,-0.13548961,-0.06828235,-0.15904416,0.08049751,0.16928431,-0.028436724,0.15376098,-0.33673614,-0.1260526,0.42761576,-0.0883198,0.30790123,0.10995188,-0.07952732,0.4861635,-0.5756716,-0.21936119,-0.035259575,-0.28039736,-0.094418965,0.032203402,0.278958,-0.55082256,0.023379676,-0.3269423,0.20342748,-0.26290628,-0.1620706,0.3428554,0.12762691,0.3317367,-0.022913702,0.108101964,-0.15996383,0.12772766,0.26156974,0.26413965,-0.09332775,-0.32100686,-0.14066172,0.10013083,-0.46027908,-0.051661815,-0.15614003,0.05914463,0.17079501,-0.16067,0.19681813,0.06129709,-0.010734104,-0.13536423,0.14901821,0.042202838,0.107615665,0.279098,0.23253524,-0.16858009,-0.023345644,0.08353905,-0.01735174,0.03837707,0.09307017,-0.4642877,0.04082666,0.30129328,-0.1080642,0.023988124,-0.063345194,-0.012042112,0.027796611,-0.21676837,-0.22697149,-0.28297302,0.0722094,0.12343527,-0.3012535,-0.09527346,-0.025735753,0.15690593,0.10125149,0.036055762,-0.1859557,-0.13457608,-0.5776079,0.08072901,-0.10311227,-0.16079874,0.15778796,0.3291268,-0.01857627,-0.046502702,-0.027009778,0.00889983,0.08649138,-0.44770673,-0.1491389,0.34153524,0.13954954,-0.10119939,0.0007885221,0.006047451,0.06929257,0.043173824,0.24342105,0.18000503,-0.401431,0.423397,-0.18165363,-0.040250894,-0.51307917,0.14561388
LUSC-2,0.69568264,-0.20991577,-0.26975277,0.11766996,0.042009223,-0.22404757,-0.44557142,0.34143227,-0.12505078,0.0077846106,-0.34363288,0.084699035,0.026526507,0.05420926,-0.070751026,-0.04239284,-0.17142151,-0.14589098,-0.074855044,-0.16995189,0.07778719,0.17243779,-0.0440132,0.1737622,-0.36646008,-0.13161469,0.46760795,-0.09163664,0.35320064,0.11192555,-0.09223531,0.5380041,-0.63092154,-0.23831205,-0.0325276,-0.30302078,-0.10482536,0.037839103,0.29750493,-0.5930536,0.032007903,-0.35207468,0.22008881,-0.27209505,-0.16643578,0.3812549,0.1431963,0.38038385,-0.03231482,0.11994398,-0.17878328,0.1387589,0.29395002,0.2945464,-0.09464083,-0.35080087,-0.14625072,0.10525389,-0.4881444,-0.058170456,-0.16612098,0.051721126,0.18544808,-0.16618928,0.2270573,0.07698179,-0.0002632514,-0.15342292,0.15728769,0.059344593,0.112340994,0.3156989,0.26172858,-0.17443924,-0.0263857,0.10429735,-0.022661166,0.04278615,0.10152861,-0.507386,0.044141196,0.33297306,-0.117580704,0.015099299,-0.07974617,-0.028721996,0.028709669,-0.24055876,-0.24310155,-0.29503116,0.086091906,0.12648414,-0.32201353,-0.10020852,-0.014042827,0.16706952,0.10539832,0.05197406,-0.21011345,-0.16364476,-0.63610506,0.09946238,-0.10262916,-0.16889709,0.1744655,0.3523694,-0.0022383025,-0.0528319,-0.02828922,0.0136064645,0.10456988,-0.4950409,-0.17792076,0.37729496,0.159657,-0.10941339,0.0079338355,0.0042813066,0.06809784,0.054540396,0.25511348,0.19736186,-0.44700688,0.46220922,-0.19687665,-0.043805636,-0.5607188,0.16234696
P1,0.7376359,-0.23499052,-0.27780014,0.12761846,0.04167094,-0.25525546,-0.46983024,0.3735374,-0.15495262,0.0021622528,-0.36917287,0.08412101,0.02390522,0.055456772,-0.082845464,-0.040058095,-0.17688967,-0.13747743,-0.07138738,-0.17904747,0.09861738,0.17947833,-0.025416635,0.17306755,-0.3831212,-0.15656883,0.5258242,-0.09497567,0.37631175,0.10470201,-0.08229905,0.5781655,-0.6621934,-0.24911618,-0.04360432,-0.3379692,-0.11925586,0.05708208,0.32344773,-0.6497143,0.043350644,-0.37427706,0.22747757,-0.30530536,-0.16346236,0.42509356,0.1418635,0.4079801,-0.048580516,0.14101592,-0.18676442,0.13683441,0.29708087,0.32540095,-0.122183554,-0.36352125,-0.15803793,0.1350926,-0.5434606,-0.08132837,-0.19046743,0.04738033,0.18477368,-0.19218619,0.2514332,0.07677003,0.0076962407,-0.13585183,0.18885167,0.056747712,0.12626292,0.31572124,0.28735876,-0.18088768,-0.03816397,0.1059094,-0.021099431,0.04456626,0.13028961,-0.52733606,0.037243932,0.35944095,-0.14837396,0.025770174,-0.08819465,-0.039121523,0.023723656,-0.2468028,-0.26450703,-0.32788154,0.10904355,0.13076535,-0.32715598,-0.12568255,-0.044963203,0.19681577,0.10988501,0.054834623,-0.22190931,-0.1746679,-0.68221104,0.09421023,-0.105420016,-0.18104923,0.17672719,0.3881526,-0.011152553,-0.06717941,-0.0313365,0.008926742,0.105846554,-0.534253,-0.19629256,0.38063923,0.1506987,-0.1083794,0.030452374,0.017178386,0.08566731,0.07240249,0.2853176,0.23320821,-0.4869375,0.49321067,-0.20473935,-0.040345505,-0.5814526,0.15900809
P10,0.7495925,-0.23124793,-0.27179542,0.13760877,0.041434944,-0.25329676,-0.46443933,0.36706713,-0.15744312,0.022048308,-0.37254453,0.08883653,0.039321326,0.08162385,-0.08829434,-0.061889827,-0.17102638,-0.13569272,-0.071382135,-0.17746711,0.0844667,0.17627496,-0.025583917,0.17712738,-0.40200678,-0.14782196,0.5222269,-0.081384845,0.37793714,0.09716193,-0.09276963,0.57356644,-0.67407835,-0.23017567,-0.034999173,-0.32105914,-0.118371546,0.054802623,0.32440373,-0.6486375,0.032131214,-0.39355084,0.22727284,-0.30635184,-0.1685254,0.42772362,0.15350103,0.4067366,-0.05798328,0.13267224,-0.17879878,0.14249043,0.30851406,0.32405666,-0.12529531,-0.37133178,-0.16263473,0.1224376,-0.5433445,-0.070458,-0.18623805,0.051260177,0.18358544,-0.19316532,0.24417165,0.061646968,-0.01233059,-0.14177175,0.19115886,0.07039133,0.1310846,0.31658986,0.28063947,-0.17695713,-0.018441852,0.1062504,-0.008523664,0.057869736,0.11634844,-0.53385216,0.03490701,0.3673565,-0.14701913,0.02962479,-0.06720329,-0.044017475,0.03605718,-0.25552034,-0.261598,-0.32569286,0.10789368,0.15067194,-0.34420952,-0.105139084,-0.025325641,0.18455957,0.12126468,0.061033867,-0.22522208,-0.17466587,-0.6660019,0.09971247,-0.11053664,-0.19643681,0.18240654,0.37843373,-0.026260918,-0.08801669,-0.019308459,0.019459354,0.10767032,-0.51704866,-0.19199647,0.39085314,0.16700654,-0.10153406,0.037869375,0.018210676,0.077675655,0.06815949,0.28883326,0.22350465,-0.49057814,0.48296505,-0.22006549,-0.031098582,-0.5950754,0.17692192
P14,0.73527986,-0.23183246,-0.27447665,0.12827344,0.050522212,-0.25475892,-0.46040645,0.3656819,-0.140811,0.0022817538,-0.3502334,0.07207697,0.015401369,0.07257895,-0.077428356,-0.04574975,-0.18592171,-0.12885623,-0.059960704,-0.17765135,0.08612161,0.17942171,-0.03270943,0.1722174,-0.37912768,-0.1446754,0.5208964,-0.09454232,0.37126428,0.10035647,-0.09530692,0.5774521,-0.66939265,-0.24902707,-0.048678394,-0.32580972,-0.124828935,0.040857483,0.32272413,-0.6486318,0.03409254,-0.3691119,0.24561034,-0.306307,-0.16420162,0.41710025,0.13813002,0.41019958,-0.056282222,0.13008736,-0.17963378,0.1375002,0.30359545,0.3092871,-0.1131185,-0.3717989,-0.14746997,0.12836337,-0.5302703,-0.063500926,-0.19175656,0.038078196,0.17784378,-0.19205034,0.24680082,0.077322364,-0.008359207,-0.13894135,0.17732282,0.05287408,0.11869584,0.33180803,0.29543525,-0.16929317,-0.023968361,0.11225398,-0.01633678,0.06355711,0.12725766,-0.53786176,0.037553735,0.36410594,-0.14196266,0.015305064,-0.07181784,-0.03137522,0.015073824,-0.23964268,-0.26168475,-0.32220346,0.10008299,0.13880545,-0.33947396,-0.11567099,-0.03918109,0.18764533,0.10490523,0.0648781,-0.21043424,-0.17493144,-0.6887236,0.10034569,-0.09873606,-0.17211947,0.18589935,0.37274325,-0.017926734,-0.07783863,-0.020400899,0.00556971,0.10237838,-0.5190153,-0.18934062,0.38565192,0.16428627,-0.096947074,0.023482846,0.0011740347,0.071885094,0.072483666,0.2835444,0.21847738,-0.4832354,0.4903007,-0.20245881,-0.04033702,-0.5971137,0.15289639
P15,0.44183058,-0.14338838,-0.17070428,0.08716338,0.030087678,-0.14488636,-0.28018704,0.22161128,-0.0895195,0.013609724,-0.21248631,0.048911374,0.011964236,0.046246737,-0.042691067,-0.037232578,-0.11500077,-0.07893871,-0.042477477,-0.09962075,0.054541696,0.12315501,-0.020588398,0.1069278,-0.24254525,-0.09310671,0.300974,-0.050842997,0.21854742,0.07017854,-0.064524524,0.33322605,-0.39472133,-0.15268652,-0.021993356,-0.20364629,-0.06878783,0.024301691,0.19215459,-0.38078547,0.018576896,-0.21947153,0.15258722,-0.17203836,-0.11514717,0.25124297,0.09145397,0.24280253,-0.03127573,0.08342982,-0.115570165,0.07817849,0.173902,0.19781283,-0.06364672,-0.21214236,-0.095753334,0.072254,-0.31219774,-0.04505037,-0.11292434,0.030596321,0.12117613,-0.11528563,0.14061023,0.04819413,-0.005437511,-0.085548826,0.110867746,0.039323453,0.06912522,0.19290707,0.17157935,-0.10603666,-0.017264655,0.054840147,-0.007916537,0.02338985,0.06574131,-0.32385185,0.03510379,0.21078852,-0.08495612,0.0043407283,-0.03972993,-0.0125055965,0.015567249,-0.15535505,-0.15286028,-0.20002736,0.05773952,0.0841124,-0.20727584,-0.058334913,-0.022478417,0.10418326,0.06500673,0.032967433,-0.13640073,-0.09165675,-0.40440434,0.063624084,-0.06807143,-0.104644775,0.11295724,0.22384836,-0.010925707,-0.03771772,-0.018706668,0.013496641,0.06477604,-0.31290826,-0.11183945,0.23591754,0.09427725,-0.062163364,0.008957224,0.004034523,0.046764236,0.039382283,0.16207954,0.13208345,-0.29492173,0.30614555,-0.12898567,-0.016944528,-0.35176727,0.100450866
P17,0.34771627,-0.112745516,-0.13310654,0.059005305,0.017887525,-0.116872415,-0.21577878,0.16613178,-0.06730315,0.013239023,-0.17571144,0.048893414,0.014060417,0.025071496,-0.040894575,-0.029352507,-0.0939859,-0.06575836,-0.03815343,-0.08594026,0.03466394,0.08943421,-0.01670439,0.089826405,-0.18937671,-0.07779523,0.23840427,-0.04316921,0.17637928,0.06071484,-0.03946403,0.27615023,-0.311004,-0.11679526,-0.01772823,-0.1592485,-0.059093557,0.013051896,0.1637421,-0.30560303,0.019147862,-0.18051782,0.11787427,-0.14518282,-0.09164062,0.18906525,0.076340556,0.194751,-0.025463825,0.059805732,-0.08780624,0.073501945,0.14908554,0.14926393,-0.048305694,-0.17804736,-0.06806679,0.055092998,-0.24680875,-0.038711403,-0.08824915,0.022681974,0.085237004,-0.089056715,0.12034814,0.04420002,-0.0035730416,-0.065445654,0.08547003,0.022668952,0.05032533,0.15334472,0.12677862,-0.090731815,-0.012049613,0.047560684,-0.005790374,0.02564178,0.05725577,-0.24844886,0.014774356,0.16906586,-0.057239696,0.017171659,-0.04129086,-0.01124037,0.01870718,-0.11758867,-0.12792508,-0.15309364,0.04065864,0.062790655,-0.16332082,-0.053379368,-0.008742138,0.08137853,0.058023628,0.020166783,-0.104219966,-0.07127493,-0.32445318,0.054512486,-0.061310325,-0.08207049,0.09096283,0.18453023,-0.013959185,-0.03333706,-0.008643958,0.0017137721,0.05139772,-0.2479168,-0.08886475,0.18899697,0.072774306,-0.051510703,0.009820258,-0.0027111073,0.04239506,0.030360525,0.14092223,0.103694834,-0.22014973,0.24342364,-0.10179631,-0.020957235,-0.28599632,0.07412045
P18,0.7325578,-0.2258124,-0.26991892,0.1342045,0.032635573,-0.23611252,-0.4529139,0.3628021,-0.13390075,0.021738794,-0.35077077,0.075998425,0.03355782,0.05757809,-0.07802659,-0.051097672,-0.17215513,-0.1317574,-0.07392265,-0.18250898,0.08482248,0.17762525,-0.02929682,0.17820252,-0.37087783,-0.15543732,0.50792426,-0.09874556,0.34879872,0.09604528,-0.10176668,0.54949725,-0.6556538,-0.2323553,-0.048128635,-0.31515685,-0.11531776,0.054350603,0.3256779,-0.6356996,0.044045024,-0.3776973,0.22475608,-0.28303266,-0.17404857,0.39850187,0.15270191,0.39705405,-0.04169281,0.13244602,-0.19187738,0.14347658,0.2976028,0.31564972,-0.10978409,-0.35219783,-0.14536677,0.12514652,-0.53044534,-0.061817072,-0.18941349,0.053908717,0.19426975,-0.18201736,0.24223639,0.06957483,0.008207619,-0.1469721,0.16041514,0.05150039,0.115109675,0.3136959,0.27439472,-0.18616286,-0.029099833,0.09202918,-0.019721104,0.04670766,0.11515082,-0.51786,0.032389164,0.350192,-0.13132812,0.022865659,-0.07567672,-0.0232813,0.018978983,-0.24242793,-0.24454592,-0.31522503,0.10416237,0.12767577,-0.3226998,-0.11549051,-0.026440268,0.18307303,0.1157561,0.060044494,-0.20916736,-0.16518869,-0.6562893,0.104954466,-0.103644416,-0.18570928,0.17761989,0.38130027,-0.012322556,-0.07449644,-0.029359989,0.011594878,0.09041306,-0.52489287,-0.1819231,0.38310045,0.16332304,-0.105712615,0.030911861,0.013783573,0.075429305,0.06708541,0.2686003,0.2150002,-0.45844284,0.47892508,-0.19737068,-0.043374028,-0.56952095,0.16682568
P19,0.50663817,-0.16338347,-0.19804218,0.08424113,0.02728395,-0.16676588,-0.3193568,0.25074208,-0.101916924,0.00812891,-0.24770564,0.05549046,0.010704391,0.04172596,-0.05975746,-0.04040358,-0.121422,-0.09510056,-0.045367826,-0.12132942,0.054628696,0.14046055,-0.018958632,0.12324412,-0.26554745,-0.10477725,0.3475086,-0.07469204,0.2604299,0.07650659,-0.07160003,0.39818695,-0.4519598,-0.16898747,-0.022229044,-0.22746496,-0.084682,0.030664263,0.22322401,-0.444894,0.019634854,-0.25712454,0.1669486,-0.20522973,-0.13423987,0.27965167,0.104125194,0.26617292,-0.02198712,0.092732206,-0.12729186,0.10781781,0.20871821,0.22675174,-0.072832055,-0.24893066,-0.10970907,0.0774218,-0.3607236,-0.05351679,-0.12165583,0.048480462,0.12563264,-0.12147976,0.16244748,0.060259532,0.00017606157,-0.108673505,0.12171787,0.044726633,0.082934976,0.22854947,0.19753858,-0.13311869,-0.020671649,0.07595843,-0.017501138,0.02940788,0.07874187,-0.37378466,0.03458146,0.23893796,-0.098914035,0.005249042,-0.04319206,-0.019806875,0.025536364,-0.17141,-0.17697242,-0.22025761,0.061189897,0.09483766,-0.23590322,-0.067029,-0.014178959,0.12355947,0.083238505,0.033396345,-0.15709686,-0.114860825,-0.4709989,0.06899268,-0.0830688,-0.12565778,0.13066438,0.267829,-0.01180775,-0.043374285,-0.010379449,0.0038566592,0.059986334,-0.3640639,-0.11722268,0.27484775,0.11752199,-0.082976066,0.004539795,-0.006104178,0.051402,0.040197317,0.19247761,0.1544691,-0.32888585,0.3349022,-0.15103032,-0.019078687,-0.4032435,0.11383693
P22,0.5851741,-0.17855617,-0.22831306,0.096371114,0.032502975,-0.19818963,-0.3690442,0.2941192,-0.11228042,0.015013344,-0.29404885,0.06272829,0.02378789,0.054118417,-0.07456618,-0.03533052,-0.14576703,-0.12120785,-0.063040726,-0.14614238,0.062101543,0.16178802,-0.033091165,0.14337529,-0.31988207,-0.111452326,0.4052198,-0.06630204,0.29590854,0.08766851,-0.08589809,0.45031947,-0.5365011,-0.20313245,-0.0255411,-0.2698161,-0.10253861,0.021191014,0.27016512,-0.5168485,0.022293083,-0.2987732,0.18612133,-0.24631874,-0.15378743,0.33203092,0.12360915,0.3110084,-0.035572294,0.109136626,-0.16177034,0.11252317,0.24763727,0.24888118,-0.08790524,-0.29832527,-0.13121134,0.10160596,-0.43173605,-0.046122577,-0.14556743,0.05504841,0.14571398,-0.14061494,0.18422776,0.05906195,-0.0023513157,-0.12619154,0.12701347,0.046718672,0.1016062,0.26602638,0.2241732,-0.14360894,-0.0113147255,0.08632585,-0.018187026,0.04849828,0.093838155,-0.42648032,0.04164791,0.28438523,-0.10745242,0.0060157506,-0.064598314,-0.024475299,0.030309176,-0.20660359,-0.212202,-0.26052967,0.06786989,0.10703606,-0.26506564,-0.08185747,-0.0111627905,0.13854143,0.08981685,0.04175659,-0.1755941,-0.13190314,-0.5347207,0.087212674,-0.084004484,-0.14947447,0.14260703,0.2985913,-0.0058483277,-0.05584588,-0.016933342,0.005535772,0.07918961,-0.41514882,-0.15233122,0.32513314,0.1380237,-0.08934483,0.006427547,0.009909578,0.06362713,0.0544771,0.2258198,0.16793689,-0.37890506,0.39606196,-0.17613964,-0.036431506,-0.474781,0.13311698
P23,0.7285588,-0.22300379,-0.27393886,0.12265595,0.032793146,-0.24088785,-0.4536084,0.35808524,-0.14761278,0.023611762,-0.3588046,0.07866798,0.035721775,0.078082725,-0.07770586,-0.0607091,-0.1803019,-0.13801791,-0.056676004,-0.18134731,0.07716548,0.19471893,-0.025483731,0.18673772,-0.39573646,-0.14640088,0.49673355,-0.09109607,0.3600658,0.101670004,-0.088442534,0.55859286,-0.65578604,-0.2386857,-0.02679122,-0.3154024,-0.11155087,0.04258935,0.3218455,-0.6444884,0.040921416,-0.38918367,0.22522227,-0.2918185,-0.1741453,0.4112003,0.14245312,0.38645202,-0.033223636,0.12796874,-0.19164935,0.14725165,0.306191,0.32117996,-0.11718607,-0.37198144,-0.1592936,0.12380787,-0.5209769,-0.057940558,-0.17975071,0.06562026,0.19983374,-0.18452774,0.25183228,0.07863462,-0.014443912,-0.14361997,0.18303935,0.05538558,0.12163307,0.3327204,0.27321714,-0.17679605,-0.026180334,0.10444294,-0.021152645,0.056461155,0.11909549,-0.5179008,0.043349773,0.3422485,-0.12857375,0.028179096,-0.07067435,-0.041779816,0.022873273,-0.2481345,-0.2697334,-0.33097377,0.09322337,0.14998865,-0.34468472,-0.11197706,-0.023099381,0.17748712,0.115336195,0.059358515,-0.22546318,-0.16551226,-0.67888695,0.10010208,-0.102278344,-0.18754996,0.17890431,0.38588315,-0.02879794,-0.08466831,-0.009634115,0.019115593,0.089615405,-0.518923,-0.17112644,0.38713372,0.15988703,-0.11023978,0.028633226,0.010282582,0.0675714,0.06158836,0.2834172,0.22502947,-0.47147977,0.48142713,-0.22324674,-0.027698208,-0.5927845,0.17436321
P25,0.6019261,-0.17780535,-0.22833978,0.111549556,0.03807698,-0.20970714,-0.3875036,0.2869366,-0.12173466,0.011135027,-0.28661495,0.06132238,0.02036454,0.05676586,-0.06424499,-0.035316676,-0.15235986,-0.11123886,-0.050060064,-0.15511991,0.06449889,0.16306455,-0.03916209,0.1508856,-0.3195687,-0.11843959,0.42587084,-0.084998436,0.303351,0.09660091,-0.07500198,0.4688218,-0.5520534,-0.20048806,-0.02511775,-0.27372548,-0.103618704,0.03399012,0.26968575,-0.529285,0.02621905,-0.31862625,0.2012047,-0.2374732,-0.14941488,0.34145096,0.1303894,0.33352518,-0.030762745,0.100857034,-0.14897008,0.123225026,0.2515048,0.25055197,-0.07992844,-0.30315405,-0.12135248,0.09979352,-0.43658346,-0.06420395,-0.15364715,0.043928884,0.15856153,-0.15295078,0.19340748,0.052674152,-0.011947452,-0.12014587,0.13506708,0.045300167,0.09793822,0.26938725,0.24003312,-0.14501812,-0.028034016,0.08250659,-0.006239973,0.046648365,0.09324553,-0.4262469,0.03774885,0.29446757,-0.105284296,0.018968003,-0.054886565,-0.017764093,0.028146947,-0.20848778,-0.20954196,-0.25698164,0.07917123,0.114191234,-0.2809833,-0.09297519,-0.024720524,0.15973957,0.08539475,0.03758184,-0.18533309,-0.132885,-0.55409664,0.08093862,-0.08741799,-0.15802144,0.15712279,0.30990106,-0.016404834,-0.048946172,-0.013227128,0.0052288924,0.08318703,-0.43756565,-0.15206195,0.31510508,0.13034603,-0.08310769,0.021970201,0.0069521083,0.055470686,0.053041957,0.22659,0.18670027,-0.3882254,0.4080004,-0.18058053,-0.030037025,-0.49124125,0.14244264
P26,0.64430815,-0.20157759,-0.25110954,0.11113866,0.043037742,-0.21501754,-0.39461,0.3080882,-0.117720015,0.016142668,-0.31633624,0.0780738,0.023817042,0.04975366,-0.08288285,-0.039426215,-0.15671594,-0.12396859,-0.05566543,-0.15207158,0.07985414,0.1750842,-0.03872334,0.16224065,-0.33811742,-0.12202972,0.4385471,-0.08467537,0.32156402,0.10333641,-0.09181656,0.49280366,-0.56717575,-0.20831041,-0.023689935,-0.27456897,-0.10614961,0.024606058,0.27427554,-0.54323953,0.037827957,-0.32618406,0.20699401,-0.25246695,-0.15938848,0.35391298,0.13397603,0.34011257,-0.043489985,0.117556304,-0.1747702,0.13181597,0.2578487,0.27444327,-0.08557754,-0.3198727,-0.14158285,0.097487845,-0.4533626,-0.05387222,-0.15285397,0.051405612,0.16362132,-0.16176726,0.20778708,0.07118853,-0.004798105,-0.12971692,0.14581516,0.05280527,0.09652997,0.2915766,0.23509388,-0.15498993,-0.016520943,0.085426606,-0.021039736,0.041601572,0.09833573,-0.46379673,0.037579887,0.30460373,-0.11913632,0.019074254,-0.06669627,-0.028266447,0.023643084,-0.21961756,-0.22051631,-0.2746812,0.07704976,0.12695561,-0.29945368,-0.09798769,-0.015013063,0.15503043,0.104003996,0.04884851,-0.19182678,-0.13849781,-0.58277214,0.09049767,-0.09229127,-0.15770067,0.16873,0.33860764,-0.004524349,-0.06403683,-0.009161521,0.0050765034,0.07687665,-0.44798204,-0.14777586,0.34680468,0.145625,-0.088146165,0.018861137,0.0054636123,0.061858486,0.042102702,0.24085426,0.1832041,-0.4084542,0.4366681,-0.18702416,-0.02696815,-0.5194467,0.13694766
P27,0.42264968,-0.13238545,-0.16635498,0.08463835,0.021830201,-0.13860199,-0.27500993,0.20378788,-0.08347279,0.015416838,-0.21464413,0.05165072,0.021737957,0.04178818,-0.05522296,-0.033283867,-0.10642939,-0.07774213,-0.04606568,-0.10992172,0.052750006,0.115650244,-0.030011134,0.10664627,-0.2288449,-0.08620663,0.28793612,-0.0540736,0.22086217,0.061524384,-0.052163593,0.32783526,-0.3767678,-0.14062683,-0.02181887,-0.19643563,-0.07263415,0.023913916,0.19794588,-0.36664662,0.014957713,-0.22506018,0.1347055,-0.1679684,-0.10733601,0.24017902,0.08260828,0.23436566,-0.018664764,0.07877764,-0.11741101,0.08935096,0.17882001,0.17706391,-0.06250757,-0.2095463,-0.095754094,0.073661,-0.30477443,-0.031759284,-0.105646834,0.04336733,0.11973935,-0.09910998,0.14271395,0.045204766,-0.0020304476,-0.096650794,0.089739114,0.02534702,0.064893834,0.1854098,0.16132648,-0.09933512,-0.021436345,0.059119068,-0.009597209,0.027734537,0.069991164,-0.30512136,0.030005226,0.2030304,-0.07213746,0.0072222077,-0.043412436,-0.023220338,0.023684429,-0.14309525,-0.15166841,-0.18585391,0.046587728,0.08777787,-0.2048228,-0.059296925,-0.016196135,0.1048694,0.07084236,0.0322225,-0.11937144,-0.09318762,-0.38772562,0.058850672,-0.07107737,-0.09746326,0.112324536,0.21754585,-0.0045609507,-0.040959794,-0.01793943,0.0017124326,0.051448204,-0.3099434,-0.101206094,0.23693316,0.09430278,-0.057237886,0.0022675996,-0.0011297899,0.052698065,0.033072874,0.167175,0.121386886,-0.27431914,0.27869892,-0.12449256,-0.029406777,-0.33791536,0.09313351
P3,0.5589907,-0.17860328,-0.22144094,0.10457815,0.026993893,-0.19369514,-0.34632927,0.2671249,-0.11764859,0.021620946,-0.27300045,0.06220565,0.014959694,0.05976777,-0.0668019,-0.034452237,-0.14034547,-0.103318386,-0.05133017,-0.14401975,0.07149094,0.14929268,-0.030301116,0.14233565,-0.28962088,-0.10965136,0.39030883,-0.07663649,0.2738126,0.09006218,-0.06850158,0.43422383,-0.51267993,-0.19047618,-0.022234911,-0.24348307,-0.09036184,0.031330373,0.25083148,-0.48251033,0.024052346,-0.2876528,0.1746052,-0.2289435,-0.13392559,0.3077121,0.10977413,0.3004826,-0.03242803,0.10089644,-0.14965901,0.111249626,0.22329253,0.23735452,-0.07981097,-0.2848836,-0.116445966,0.08771534,-0.39850017,-0.060816836,-0.14064543,0.04244123,0.15369909,-0.13262507,0.18654427,0.051755343,-0.007768923,-0.118725866,0.13196504,0.04119433,0.09303917,0.25156263,0.21629712,-0.13723868,-0.025064116,0.083667226,-0.017201202,0.042415366,0.08775075,-0.39454705,0.034256663,0.26955968,-0.105543874,0.016539447,-0.04859546,-0.02538858,0.029908001,-0.18948041,-0.20296656,-0.25419825,0.06253216,0.11684838,-0.2650946,-0.086046234,-0.015811106,0.14485653,0.08914416,0.04278788,-0.17290361,-0.118387975,-0.51254416,0.07916069,-0.09224168,-0.13949247,0.14282022,0.28270885,-0.011285788,-0.05385168,-0.018438563,0.014744531,0.079718426,-0.3963166,-0.13516013,0.29775017,0.12652619,-0.078205496,0.020590562,0.00675696,0.051396545,0.055632357,0.219663,0.16464409,-0.35859615,0.37303388,-0.15988879,-0.020876562,-0.45630455,0.13167071
P31,0.40512186,-0.123570204,-0.16165267,0.0706635,0.029108908,-0.13669856,-0.25619563,0.19913463,-0.07872206,0.010969918,-0.2038899,0.05377117,0.019058965,0.033730548,-0.047651254,-0.031770382,-0.102708,-0.087653115,-0.03894735,-0.102462076,0.045515895,0.10712973,-0.023577765,0.10221758,-0.22649162,-0.08939224,0.28871107,-0.044991378,0.19908188,0.07088097,-0.05977329,0.31551266,-0.36852646,-0.13747716,-0.01389784,-0.1772631,-0.06904422,0.027751919,0.18359835,-0.35568357,0.024998235,-0.2185494,0.13199386,-0.16825262,-0.09850236,0.22784922,0.07912456,0.2262643,-0.014519238,0.070438415,-0.110148035,0.07632444,0.16917671,0.17637022,-0.05806558,-0.21226418,-0.08957594,0.063982055,-0.2888512,-0.04103219,-0.092914335,0.037286434,0.107852854,-0.10446752,0.1281282,0.03482485,-0.008087398,-0.09034828,0.08775755,0.03828916,0.062401947,0.18564415,0.15968147,-0.0977909,-0.0064681815,0.055416837,-0.0054004025,0.026788408,0.058472924,-0.29768178,0.031784233,0.19598813,-0.06681147,0.018972317,-0.04666539,-0.023383765,0.020334637,-0.14207874,-0.15246308,-0.17371504,0.04179313,0.081829265,-0.19122826,-0.0655396,-0.008874754,0.10150456,0.06963135,0.024324145,-0.11470634,-0.09091226,-0.37632924,0.061942425,-0.066755936,-0.10240755,0.098138615,0.20651431,-0.011006974,-0.03631002,-0.0061316104,-0.003096494,0.055435102,-0.29608303,-0.10058135,0.22069083,0.092696406,-0.056325197,0.008967374,0.0036042558,0.037833348,0.039300017,0.1548021,0.12769106,-0.27423754,0.28015047,-0.115732014,-0.018704701,-0.32521427,0.08946732
P36,0.40005293,-0.1222747,-0.15191475,0.06877251,0.028049704,-0.14060673,-0.250899,0.19727191,-0.08031111,0.010437174,-0.19169651,0.04275888,0.015503133,0.04098112,-0.052790508,-0.032318696,-0.10152314,-0.08069049,-0.031025738,-0.10382642,0.052766237,0.10424408,-0.020482194,0.10825579,-0.22206193,-0.075347334,0.27218655,-0.046611305,0.2068295,0.059576727,-0.050353408,0.3173261,-0.35868418,-0.13272002,-0.016160447,-0.18759067,-0.061197724,0.026618585,0.18395734,-0.35202873,0.026404904,-0.21287511,0.13830677,-0.1722709,-0.09756524,0.22271,0.07980016,0.22013403,-0.026637338,0.07342502,-0.10389084,0.083441414,0.17216161,0.16714448,-0.05418518,-0.19900021,-0.09236213,0.07021607,-0.29742894,-0.04562416,-0.08830268,0.030153794,0.105048604,-0.09343447,0.13229498,0.036967054,0.0017554611,-0.07747986,0.09065924,0.02516573,0.06014318,0.18876511,0.16292605,-0.099712804,-0.01445713,0.047986593,-0.005791003,0.034183424,0.06410026,-0.29009303,0.018161366,0.19030571,-0.06776204,0.015428341,-0.038242437,-0.023288352,0.0130046345,-0.13240431,-0.14295143,-0.17281288,0.04179466,0.07306068,-0.18608835,-0.050777137,-0.007839806,0.10298943,0.066250324,0.030736754,-0.118079945,-0.084467396,-0.37181506,0.052757047,-0.0698922,-0.09629025,0.09553447,0.21496034,-0.014514111,-0.042077396,-0.016028369,0.008311523,0.046790272,-0.29485282,-0.098405845,0.22066082,0.09037152,-0.063096985,0.007181309,0.0073762382,0.035993975,0.03756547,0.15927635,0.12467154,-0.2679246,0.27006143,-0.118321866,-0.026405487,-0.31975234,0.09169782
P4,0.7502899,-0.22610052,-0.27323073,0.13005984,0.03265171,-0.2395366,-0.46264413,0.36439106,-0.1581733,0.0077147414,-0.3703258,0.07579344,0.036622673,0.0707721,-0.078457855,-0.045991514,-0.18071136,-0.12646435,-0.06518534,-0.19006106,0.086571075,0.1844398,-0.037502706,0.17025197,-0.39128828,-0.15137851,0.5098499,-0.09212364,0.35769263,0.0979349,-0.10407143,0.5644402,-0.65974724,-0.23158108,-0.030387599,-0.32988274,-0.12162301,0.034810085,0.32708225,-0.63376,0.03323661,-0.39282665,0.22734314,-0.293104,-0.17135943,0.41707698,0.1530949,0.4006588,-0.050831534,0.12698257,-0.18072067,0.14460951,0.30721492,0.3148953,-0.11757332,-0.3625877,-0.16976863,0.119106926,-0.5278631,-0.07324561,-0.17847016,0.053153314,0.19191273,-0.19303116,0.25103372,0.058349907,0.0028408398,-0.15665428,0.18855992,0.07063625,0.11179284,0.32908252,0.2897389,-0.17848901,-0.037350595,0.097581714,-0.020088395,0.05572423,0.12799992,-0.5304027,0.032871675,0.36613297,-0.13059187,0.02602151,-0.066008255,-0.04109534,0.038600367,-0.25643817,-0.26857114,-0.32138452,0.10389535,0.14753692,-0.3303155,-0.12331763,-0.037622113,0.19034488,0.12321019,0.059447125,-0.22662415,-0.16668698,-0.6659258,0.108261205,-0.10424042,-0.17926185,0.18912989,0.38658458,-0.019789895,-0.07680771,-0.010519249,0.009855895,0.095250756,-0.5120614,-0.19404075,0.3905187,0.1614031,-0.10684735,0.035845965,0.006722221,0.06804927,0.067177035,0.2911255,0.23284145,-0.4809452,0.489323,-0.20866682,-0.030563612,-0.5844209,0.16823915
P40,0.5432665,-0.16319704,-0.2039963,0.103048444,0.03894549,-0.179663,-0.33336028,0.26666534,-0.099754244,0.019332737,-0.25709507,0.07151444,0.014441569,0.043676313,-0.06120097,-0.036623947,-0.13544239,-0.10330333,-0.04333515,-0.1354502,0.060252305,0.14790705,-0.030572832,0.12925585,-0.28438023,-0.116480276,0.37710574,-0.067434676,0.26415658,0.07567612,-0.06883761,0.411139,-0.4899017,-0.1758314,-0.020668842,-0.23472504,-0.08116159,0.020807954,0.23791744,-0.47452778,0.030562112,-0.270296,0.17927003,-0.21002479,-0.14216243,0.29571334,0.10762691,0.28092864,-0.029355245,0.101364054,-0.13800804,0.1011634,0.2265292,0.23607077,-0.07199631,-0.26759973,-0.116047375,0.09386947,-0.38287234,-0.044767436,-0.12620871,0.052152537,0.14372405,-0.1273973,0.17962801,0.05210187,-0.0044468855,-0.118616685,0.13152511,0.03661715,0.08888956,0.24903935,0.20703796,-0.13624215,-0.02469595,0.072444774,-0.007739741,0.036826767,0.08381409,-0.38021696,0.030070093,0.25934297,-0.09412676,0.01235993,-0.053183913,-0.023758946,0.021145908,-0.1807456,-0.18446468,-0.23424949,0.05620083,0.10373418,-0.25676325,-0.08259412,-0.01802703,0.13925135,0.0735847,0.03260557,-0.16374287,-0.12594946,-0.5048644,0.078343555,-0.09034381,-0.123140514,0.13354771,0.28495875,-0.017708726,-0.051219467,-0.0077830562,0.0010367422,0.07110591,-0.3786893,-0.12886441,0.29672074,0.11208174,-0.08448472,0.015221246,0.00443831,0.061161965,0.041548796,0.20790999,0.16850643,-0.3558841,0.35893565,-0.15262362,-0.023552297,-0.42729056,0.12325465
P41,0.6741971,-0.20929755,-0.24515541,0.116997525,0.04226377,-0.23012939,-0.42407626,0.33337292,-0.12853663,0.01940852,-0.32936403,0.06606916,0.028874567,0.06673718,-0.06960876,-0.043113634,-0.17526312,-0.11813964,-0.052349977,-0.16450912,0.077838235,0.17870598,-0.04237439,0.16672893,-0.34799394,-0.13502851,0.4715483,-0.08743022,0.33259127,0.10367958,-0.084355325,0.51108426,-0.607225,-0.21788529,-0.029057732,-0.28978282,-0.10143118,0.02855156,0.30071145,-0.58938706,0.026918078,-0.3503373,0.22129121,-0.2795449,-0.15092975,0.3653828,0.13978569,0.35430574,-0.034994293,0.11568494,-0.16330786,0.12573959,0.27076498,0.29379854,-0.08956025,-0.3388791,-0.14585765,0.11971083,-0.4744557,-0.072155714,-0.16386892,0.03956797,0.16758637,-0.15969084,0.21821491,0.06893115,0.0014443917,-0.13595243,0.1574661,0.059878062,0.108954996,0.28800344,0.2615046,-0.16236344,-0.018232523,0.091088675,-0.008131044,0.052299418,0.112183824,-0.48275095,0.034465723,0.32775876,-0.11465968,0.015727745,-0.07274294,-0.031316895,0.030686334,-0.23070791,-0.23878336,-0.28746808,0.0941248,0.13078369,-0.30237174,-0.098720014,-0.020045685,0.16695434,0.10892937,0.046415254,-0.1893773,-0.14997813,-0.61342657,0.08430651,-0.09257056,-0.17373098,0.16423316,0.33601874,-0.017688567,-0.06752618,-0.021688635,0.015480812,0.0846883,-0.47497758,-0.16150405,0.3532985,0.152924,-0.10332913,0.020553779,0.003005582,0.061067514,0.062404163,0.2594505,0.20622869,-0.44214764,0.45235294,-0.18662417,-0.036338035,-0.54048675,0.15141326
P6,0.75105876,-0.2268254,-0.26942328,0.12339413,0.04626584,-0.2501337,-0.4695715,0.35536793,-0.14668477,0.010508354,-0.36207873,0.06882643,0.01884925,0.054723676,-0.08028209,-0.04246161,-0.18683453,-0.12555127,-0.06659626,-0.17582531,0.08307489,0.18870656,-0.030465333,0.18894823,-0.38251013,-0.15901436,0.51714987,-0.09488549,0.35871127,0.10497212,-0.09421084,0.57054764,-0.6559194,-0.24945737,-0.043546643,-0.3360347,-0.110000946,0.05777058,0.32663852,-0.65065765,0.030887196,-0.3661148,0.22964898,-0.2936707,-0.1684289,0.4047109,0.14350873,0.40726748,-0.056062255,0.12629849,-0.18104039,0.13240449,0.30533838,0.32227275,-0.115418874,-0.3629925,-0.14635603,0.12409644,-0.53179693,-0.07421927,-0.18432118,0.047876913,0.19413239,-0.17410718,0.23596789,0.072580196,0.0037717624,-0.14206272,0.17865117,0.04724279,0.13103671,0.31686625,0.2736596,-0.18247241,-0.032978773,0.10648408,-0.016671007,0.05440046,0.11459428,-0.5375556,0.03371334,0.3669322,-0.13503623,0.028671995,-0.075363114,-0.039151732,0.020095091,-0.23709036,-0.26134753,-0.31409764,0.09844317,0.12731308,-0.3397961,-0.11413816,-0.03217068,0.17709829,0.10749274,0.049224027,-0.22639725,-0.172845,-0.68248177,0.10526444,-0.12148467,-0.18668097,0.17157939,0.38741326,-0.014300299,-0.07573608,-0.029024933,0.010348923,0.10759739,-0.5321652,-0.18156953,0.3887514,0.14913097,-0.09643048,0.03222824,0.00953248,0.08449826,0.055650342,0.29022637,0.22698109,-0.48189515,0.48246157,-0.20927927,-0.04312147,-0.57624084,0.15326943
P7,0.7597602,-0.22050244,-0.2825125,0.13179994,0.036253665,-0.23896599,-0.47925037,0.36701003,-0.15061352,0.013579723,-0.3632379,0.06799931,0.037437294,0.07716041,-0.09024071,-0.04822012,-0.18885559,-0.13165581,-0.07167628,-0.17702374,0.08830757,0.1872182,-0.024774643,0.19253293,-0.40326533,-0.14467098,0.51301706,-0.0768922,0.36685032,0.1111887,-0.09225684,0.56898737,-0.66713524,-0.24790905,-0.044352535,-0.32654446,-0.10892591,0.053466525,0.32387838,-0.6502447,0.05108326,-0.3934328,0.22807716,-0.30600762,-0.16638091,0.42558056,0.15100677,0.38700974,-0.05120596,0.12590209,-0.18225577,0.14340311,0.32102853,0.33409286,-0.11359902,-0.3636513,-0.15511213,0.11861422,-0.5500011,-0.0742688,-0.19016422,0.06076761,0.20136258,-0.17578432,0.256963,0.05950928,-0.0062450827,-0.156033,0.17667289,0.04789138,0.12654096,0.34417886,0.28163058,-0.17671506,-0.026799759,0.09084944,-0.0076383576,0.037643846,0.1261257,-0.53789073,0.04823431,0.34992573,-0.14073634,0.0107884295,-0.08130597,-0.027750991,0.039209433,-0.25266707,-0.2569478,-0.33254436,0.09983235,0.14438953,-0.34635112,-0.11357289,-0.014260994,0.19647922,0.122556575,0.06157204,-0.21234727,-0.16864271,-0.6746721,0.107586734,-0.12378615,-0.17701608,0.1838665,0.37450695,-0.022342991,-0.085568674,-0.020933656,0.008359145,0.1117218,-0.5296439,-0.17785572,0.38718766,0.15876171,-0.109089494,0.021607025,0.019210149,0.07060753,0.068070285,0.27736253,0.21843052,-0.47004628,0.489464,-0.20966426,-0.044054907,-0.5891604,0.16778024
PS01,0.75350285,-0.22040574,-0.3344425,0.13965543,0.05485706,-0.25456032,-0.49252462,0.34865558,-0.14796509,0.031366516,-0.37076747,0.115931615,0.020449514,0.060226537,-0.098680034,-0.049189933,-0.20673274,-0.1726357,-0.087670386,-0.19384654,0.08992937,0.22075099,-0.049943846,0.18163061,-0.41877988,-0.15123081,0.53330714,-0.12527265,0.3849503,0.13737126,-0.12330479,0.59806573,-0.70048136,-0.28251362,-0.031660255,-0.3553295,-0.12551326,0.013616008,0.35088238,-0.66374546,0.033436317,-0.40748307,0.26663753,-0.30727452,-0.22984749,0.41651365,0.16076821,0.41955483,-0.03112233,0.13698578,-0.21683165,0.16139542,0.29655865,0.3135337,-0.084603615,-0.37400058,-0.1720018,0.14271152,-0.54242986,-0.07131164,-0.17008357,0.08013386,0.20931964,-0.1805076,0.2356569,0.080683246,-0.010038638,-0.18050556,0.16613212,0.051869843,0.13530639,0.36208183,0.2933757,-0.22453764,-0.011410949,0.10690469,-0.0006791494,0.060422868,0.12747346,-0.5731602,0.07051019,0.3639801,-0.13827632,0.0089909565,-0.06081406,-0.01623411,0.024969107,-0.26383516,-0.28907785,-0.33179605,0.06771132,0.17706032,-0.36237273,-0.093437,-0.0165314,0.19034126,0.106715396,0.043664645,-0.23517434,-0.16000183,-0.7218188,0.09230979,-0.11893015,-0.17013961,0.2178623,0.4171218,-0.0123391915,-0.046520732,-0.028860576,0.005737567,0.088624,-0.5717325,-0.2000071,0.4253866,0.18297517,-0.1339049,-0.008486484,-0.006777649,0.09399096,0.05440569,0.282467,0.24015611,-0.5018009,0.539996,-0.24558327,-0.038651578,-0.63631874,0.16219942
PS02,0.7705947,-0.24384348,-0.32378703,0.15108432,0.05664962,-0.24082424,-0.48844057,0.35430732,-0.144024,0.034046188,-0.3697726,0.11427035,0.029966466,0.07741452,-0.09336175,-0.054852434,-0.19785586,-0.17843366,-0.06582378,-0.19073068,0.079561025,0.20178449,-0.05007477,0.19496062,-0.4122906,-0.14205569,0.535847,-0.12575586,0.3939974,0.11912024,-0.10843475,0.5921124,-0.69907355,-0.29105946,-0.04338839,-0.34669048,-0.12938477,0.033828534,0.3555251,-0.6785111,0.02016852,-0.39419958,0.26527748,-0.3132292,-0.2230701,0.41731793,0.1730954,0.4170773,-0.025197955,0.123145,-0.21802695,0.15251562,0.28796437,0.3257335,-0.07964147,-0.3748312,-0.15887944,0.12139557,-0.54961604,-0.07648923,-0.17828098,0.07741158,0.21957058,-0.20374699,0.2446467,0.09909355,-0.013404589,-0.1749984,0.16364655,0.0514842,0.12359466,0.34354106,0.30721274,-0.22445671,-0.015209466,0.10755906,-0.01884414,0.041300848,0.11603056,-0.57697797,0.06988981,0.37300408,-0.123222336,0.023701062,-0.073680736,-0.0015150139,0.0055169705,-0.2825473,-0.27910656,-0.34086502,0.0754578,0.15455462,-0.37442902,-0.10077494,-0.018740213,0.1869878,0.093447976,0.040439256,-0.23273721,-0.16060184,-0.719124,0.0977415,-0.11149501,-0.17138278,0.19845936,0.4047308,0.0009236251,-0.04500062,-0.030127639,0.014907592,0.088906355,-0.57701755,-0.1939122,0.43352985,0.18707581,-0.1303092,-0.0077015716,0.005626653,0.08114728,0.04962701,0.3003225,0.24074402,-0.50858724,0.52288073,-0.23952383,-0.04024753,-0.6456924,0.17415392
PS03,0.7608544,-0.21792234,-0.3281407,0.1424785,0.06581591,-0.24134567,-0.4758311,0.35263756,-0.16300967,0.023454648,-0.3586377,0.10260807,0.037986845,0.07064834,-0.10151729,-0.04870381,-0.19934788,-0.16600783,-0.07748421,-0.19231372,0.08630183,0.21608685,-0.06506872,0.18952137,-0.39952534,-0.15179482,0.52961266,-0.12093357,0.38885128,0.14179227,-0.12325191,0.5948202,-0.706637,-0.28380904,-0.032109734,-0.34963048,-0.1222228,0.007940713,0.36382416,-0.67930317,0.026917446,-0.3914,0.27945223,-0.30262595,-0.22854862,0.4239745,0.17273939,0.40388575,-0.014809405,0.14397767,-0.1993203,0.15767317,0.2855878,0.33019644,-0.0843508,-0.38773093,-0.17445615,0.13139062,-0.53857756,-0.06421603,-0.15858884,0.0893263,0.22348836,-0.1983799,0.23597246,0.07690459,-6.23885e-05,-0.17168456,0.17742574,0.07257561,0.12614585,0.35039166,0.30275708,-0.20947492,-0.019952873,0.10102953,-0.0070051714,0.049283605,0.12106511,-0.5698789,0.05678846,0.37373328,-0.13917847,0.025068296,-0.054432333,-0.01088529,0.030914944,-0.27061483,-0.29635012,-0.34929857,0.083184436,0.1630111,-0.36576563,-0.097650066,-0.005894535,0.19774176,0.09279159,0.027714161,-0.23281549,-0.15984388,-0.7228535,0.1099138,-0.10483242,-0.18496905,0.21603732,0.4144176,-0.02487535,-0.061089996,-0.016166728,0.018841498,0.0824846,-0.551982,-0.17512988,0.42605284,0.17207485,-0.1276252,-0.011216522,-0.006504364,0.08629618,0.041609988,0.2818858,0.21520273,-0.5093717,0.5302084,-0.2629616,-0.029727543,-0.6460876,0.16792853
PS04,0.7539645,-0.23753779,-0.2978137,0.15489438,0.052558098,-0.2577304,-0.47593907,0.37329015,-0.14408647,0.020483704,-0.37492794,0.11474912,0.023932233,0.07295959,-0.09365159,-0.058083232,-0.18516847,-0.16237466,-0.07826755,-0.16877742,0.0791594,0.19493455,-0.04027898,0.17764066,-0.41465428,-0.16426168,0.52702475,-0.091256045,0.38146728,0.12325455,-0.115509644,0.5833907,-0.7030439,-0.2830151,-0.04555137,-0.32801414,-0.11677957,0.022169575,0.36193368,-0.6794249,0.031743802,-0.38893554,0.2667692,-0.30615652,-0.2148032,0.43582037,0.15493964,0.4201732,-0.027044522,0.14999987,-0.21578443,0.14199603,0.2988351,0.33477166,-0.112708494,-0.39165032,-0.16556367,0.14050902,-0.5544283,-0.073351555,-0.17684239,0.053959142,0.21316323,-0.1926286,0.22614497,0.080461524,-0.0064889854,-0.14831191,0.1599151,0.056900032,0.11773945,0.3558597,0.29619673,-0.20183592,-0.014430407,0.09388623,-0.0014928494,0.06417268,0.12864436,-0.5540276,0.04154779,0.36165813,-0.13277294,0.03960243,-0.08125079,-0.032678124,0.031521834,-0.27511135,-0.29581368,-0.35416424,0.07527533,0.14572783,-0.3497262,-0.099911556,-0.014510318,0.18757153,0.11568693,0.032992423,-0.22975817,-0.16857882,-0.7249155,0.12116994,-0.09853854,-0.18298207,0.20810646,0.3985996,-0.030241081,-0.070928335,-0.009448995,0.0155721735,0.07865176,-0.56794745,-0.17554803,0.4085411,0.16807126,-0.11028957,0.008634076,-0.014640953,0.094424054,0.052036118,0.30397025,0.23036061,-0.5091496,0.5248849,-0.23308837,-0.036064032,-0.63803273,0.16214716
PS05,0.7610976,-0.2307651,-0.2891545,0.12973422,0.06501144,-0.26183024,-0.47658512,0.3812754,-0.14784388,0.0056482223,-0.37511662,0.096169285,0.010697201,0.07440182,-0.08353486,-0.055018578,-0.19490282,-0.16612542,-0.061064415,-0.16653664,0.095360935,0.20871727,-0.04634357,0.19156136,-0.419012,-0.14802732,0.5290182,-0.089356504,0.37802204,0.11972669,-0.111293115,0.5891735,-0.68984395,-0.2675323,-0.049535893,-0.33370966,-0.13071854,0.03668659,0.34384972,-0.6769556,0.028417964,-0.3889816,0.26007304,-0.3239908,-0.19333044,0.42892265,0.15778863,0.41469404,-0.050714627,0.12317254,-0.20837705,0.14840114,0.3163689,0.3433212,-0.115527,-0.36994773,-0.17005053,0.13232325,-0.5534776,-0.058429413,-0.16513157,0.05838078,0.19338372,-0.19036746,0.24491617,0.09467253,-0.003854706,-0.14683908,0.17187001,0.07233311,0.116600014,0.3572944,0.30310783,-0.17966044,-0.020761613,0.11906217,-0.015269045,0.047491394,0.13656761,-0.5650513,0.05637021,0.3705307,-0.13581043,0.028518457,-0.0782676,-0.032898962,0.009665479,-0.26405913,-0.29335624,-0.33764622,0.092101246,0.14255495,-0.34852472,-0.11799724,-0.020996293,0.19031589,0.12027738,0.053871248,-0.21774559,-0.17525436,-0.7270381,0.11432641,-0.106786504,-0.19258389,0.20006284,0.40070453,-0.025270712,-0.06816102,-0.030394547,0.014174548,0.109861694,-0.5592157,-0.18778206,0.41942075,0.15473814,-0.10538736,0.012107917,-0.014667136,0.092375115,0.052502297,0.2763223,0.21990944,-0.49143547,0.511477,-0.24518673,-0.03951698,-0.6201427,0.1780351
PS06,0.7338855,-0.23683833,-0.31385198,0.1462018,0.055736445,-0.2555085,-0.47751418,0.3419681,-0.14950265,0.026066946,-0.35977337,0.110076725,0.02504982,0.055363223,-0.0792866,-0.0409369,-0.20292218,-0.1700036,-0.081099644,-0.18806179,0.09433977,0.20570758,-0.05037735,0.18871148,-0.40309942,-0.15126759,0.5136421,-0.11661337,0.38664576,0.122659884,-0.11654192,0.5671827,-0.6840205,-0.27783975,-0.048073195,-0.33504775,-0.11953922,0.036727447,0.34997874,-0.6656591,0.03588884,-0.3968727,0.24490476,-0.3099524,-0.2120237,0.4092878,0.14780977,0.39098534,-0.028188502,0.1422139,-0.20602876,0.14098823,0.29445747,0.3232623,-0.08468496,-0.36403656,-0.16106445,0.11704421,-0.5243175,-0.057546195,-0.17984317,0.082629845,0.19141637,-0.18245764,0.23032542,0.090465754,-0.004706957,-0.16325577,0.15881205,0.05127073,0.119032025,0.34116167,0.28082126,-0.2063523,-0.0076097725,0.10664089,-0.015267203,0.053315964,0.10961445,-0.5449998,0.054709192,0.34397027,-0.12768279,0.008793357,-0.06835269,-0.0145915635,0.008613616,-0.26966998,-0.26035878,-0.3427162,0.069957234,0.15404172,-0.35629597,-0.09060367,-0.011255451,0.17694794,0.10007727,0.0472306,-0.2116274,-0.1651969,-0.68990576,0.097278856,-0.12341388,-0.18663967,0.20505744,0.39811054,-0.0001336002,-0.047409628,-0.012599549,0.0101469625,0.10881158,-0.5540563,-0.18951052,0.42328036,0.16766812,-0.11703891,-0.004562718,0.004026131,0.08048656,0.058126148,0.278601,0.23518315,-0.48582396,0.521862,-0.24107286,-0.04733393,-0.61735356,0.17910224
PS07,0.7502022,-0.23989856,-0.29403496,0.14009531,0.061126456,-0.24463274,-0.47928926,0.38088357,-0.15767193,0.03259616,-0.36276266,0.08853893,0.009004743,0.0689856,-0.07436199,-0.06695998,-0.20293804,-0.15022181,-0.0840511,-0.18126479,0.086214855,0.19553505,-0.037154358,0.17700829,-0.41680178,-0.16497952,0.522211,-0.09113649,0.38573986,0.12427703,-0.113057226,0.59157974,-0.69695264,-0.27329522,-0.02948996,-0.3417103,-0.113871165,0.037941378,0.3530344,-0.6745656,0.040631883,-0.38210562,0.25565618,-0.32171115,-0.19020508,0.4329928,0.14953206,0.41781804,-0.025309425,0.1477915,-0.21422058,0.13792363,0.3026855,0.312876,-0.11527847,-0.3903815,-0.15411343,0.12521446,-0.55605817,-0.058825746,-0.17472355,0.044958204,0.20048328,-0.18639664,0.25206944,0.081069745,-0.002303982,-0.14660236,0.17987297,0.07525499,0.12805012,0.32770446,0.304267,-0.18039171,-0.014692022,0.10411773,-0.016579166,0.057305884,0.12076213,-0.5553154,0.046749752,0.37464297,-0.1492277,0.017904725,-0.07873261,-0.026155673,0.024966354,-0.27187887,-0.28106722,-0.34001654,0.09850438,0.14048919,-0.36182997,-0.09691377,-0.035961177,0.18770102,0.10926993,0.0373157,-0.2154033,-0.16649169,-0.71740675,0.113906,-0.11442785,-0.2015286,0.20878364,0.40161848,-0.018625908,-0.071618125,-0.004070822,-0.004527832,0.088044845,-0.5458872,-0.17731789,0.41032782,0.15701118,-0.12095594,-0.0018955574,-0.020185018,0.08618201,0.04781093,0.29489318,0.22751601,-0.49343228,0.5248185,-0.24168104,-0.035961606,-0.62248147,0.16560806
PS08,0.7474843,-0.23668283,-0.33136937,0.15663569,0.057079077,-0.24605398,-0.49375373,0.3474878,-0.16394766,0.028721334,-0.36401808,0.11408979,0.019342327,0.06430698,-0.09672098,-0.06368468,-0.19973248,-0.15591395,-0.090698965,-0.19228674,0.08097427,0.2126407,-0.056288365,0.19385521,-0.39965448,-0.16253841,0.51267856,-0.12474342,0.39126918,0.11744214,-0.10718779,0.5915661,-0.703206,-0.28151017,-0.039717026,-0.3394869,-0.12452142,0.012356892,0.34989747,-0.66484064,0.027334431,-0.40429732,0.26828232,-0.31955162,-0.21484594,0.41926154,0.16640884,0.40680352,-0.019918455,0.12884118,-0.21395579,0.15472989,0.2842413,0.31293228,-0.08988531,-0.3657282,-0.16893084,0.13587868,-0.55261976,-0.058780726,-0.168355,0.08851578,0.21878162,-0.19865496,0.2395751,0.076024145,0.0016376325,-0.16665988,0.16463737,0.05208418,0.117044896,0.34757388,0.28220344,-0.22099395,-0.027331028,0.10482419,-0.01642522,0.03981501,0.119261324,-0.55553293,0.06947515,0.36828625,-0.14489831,0.01991785,-0.05523789,-0.012900976,0.02476797,-0.27430263,-0.2742943,-0.34047818,0.066023655,0.16933064,-0.37605092,-0.1061008,-0.022130227,0.1990463,0.104777634,0.03881934,-0.21330501,-0.1606941,-0.7160308,0.096821785,-0.12329171,-0.1755814,0.2001444,0.40344757,-0.01257498,-0.048826456,-0.009047464,0.012478209,0.09367857,-0.56691116,-0.19004244,0.4155945,0.18606566,-0.13339986,-0.020295756,-0.008821246,0.09044601,0.06288403,0.3000248,0.23864235,-0.5050277,0.53506607,-0.2581499,-0.035251576,-0.6387646,0.17170024
PS09,0.7433248,-0.23498808,-0.29804128,0.14311299,0.053596765,-0.23635593,-0.47420725,0.35389704,-0.1513765,0.028860822,-0.37169728,0.097134605,0.037142973,0.07366217,-0.08436082,-0.066377796,-0.19501993,-0.15635201,-0.07098948,-0.16724375,0.08386641,0.19423686,-0.052860502,0.19708094,-0.39199305,-0.1624892,0.508454,-0.09459122,0.3783205,0.1371259,-0.1183423,0.5718941,-0.6730666,-0.2588827,-0.026218837,-0.33508795,-0.11654635,0.017099004,0.34065568,-0.6678188,0.02028169,-0.38847727,0.2618509,-0.30727535,-0.2028571,0.4273319,0.16796084,0.4063062,-0.018560117,0.13217245,-0.21080033,0.1490127,0.30150393,0.32807082,-0.10974926,-0.37820336,-0.17816736,0.14262903,-0.5389203,-0.06633639,-0.15520371,0.07345384,0.19714513,-0.17828037,0.24084531,0.09040891,-0.0073813037,-0.15038913,0.1746173,0.05900143,0.12443767,0.34765777,0.28093663,-0.21106434,-0.0062054438,0.09551315,0.003370231,0.047904544,0.13306528,-0.5529131,0.053921506,0.36238766,-0.14497808,0.03319518,-0.07634721,-0.028950585,0.030445939,-0.24957295,-0.28445548,-0.3434443,0.08021203,0.15197483,-0.36609596,-0.10937267,-0.008180078,0.19618519,0.10170381,0.0437489,-0.2225025,-0.15840258,-0.7094146,0.10902601,-0.115482666,-0.1930629,0.2135686,0.3871548,-0.024381693,-0.05823472,-0.026293421,0.0069235023,0.09163638,-0.5543148,-0.16913578,0.42202306,0.17283762,-0.114023544,-0.007173851,-0.009299355,0.0825404,0.060591858,0.27648774,0.20991488,-0.5016408,0.50307506,-0.24963589,-0.038598206,-0.62292266,0.18007784
PS10,0.76534075,-0.22398913,-0.30071652,0.14367317,0.062751606,-0.24055931,-0.47562692,0.37045804,-0.15379171,0.027069444,-0.3596435,0.11584505,0.030126834,0.076608166,-0.103191,-0.04760386,-0.20120558,-0.1567346,-0.068420954,-0.1840488,0.07243691,0.20031546,-0.057731457,0.17776129,-0.4185476,-0.14871623,0.5269898,-0.10445314,0.37671208,0.14746329,-0.11368356,0.58606184,-0.7124637,-0.27372673,-0.052493885,-0.34942645,-0.1391619,0.024480373,0.3628651,-0.6641179,0.022188928,-0.39151195,0.27806216,-0.32307822,-0.21112321,0.4390189,0.1644226,0.42870647,-0.033279873,0.13191733,-0.2059141,0.16194193,0.30627507,0.31845605,-0.10336994,-0.39659604,-0.15463707,0.14642507,-0.5432599,-0.07597795,-0.16250633,0.064374454,0.21003076,-0.18098257,0.23142757,0.095019266,-0.009776334,-0.1475232,0.17026073,0.076944396,0.12034511,0.34389383,0.3062193,-0.21274933,-0.01907398,0.108361155,-0.0024153467,0.06326915,0.12269898,-0.56203014,0.045145035,0.360746,-0.1367536,0.019999605,-0.078139395,-0.010711464,0.015543133,-0.26156592,-0.2952283,-0.35158923,0.070395574,0.16333221,-0.35920805,-0.08990787,-0.029784327,0.19638552,0.10259328,0.0535108,-0.2290551,-0.17438251,-0.7350972,0.114034735,-0.12223479,-0.19022168,0.21045384,0.41666374,-0.0201306,-0.061998475,-0.013606345,0.014774108,0.08548817,-0.5645303,-0.19291158,0.43362164,0.16249172,-0.12822738,-0.009689432,-0.013852636,0.10209753,0.052306265,0.30275244,0.21740888,-0.5016511,0.5380796,-0.2588065,-0.039340124,-0.64543724,0.17647696
PS11,0.7397784,-0.21875969,-0.31734595,0.14811903,0.04932843,-0.25370085,-0.4780021,0.3494388,-0.16701443,0.028411297,-0.3680181,0.113219835,0.021853715,0.08183183,-0.09102256,-0.058122158,-0.20531653,-0.1685323,-0.08474527,-0.18778108,0.07030174,0.19853537,-0.053349204,0.19634663,-0.4031202,-0.14614955,0.511861,-0.112034276,0.3853501,0.13665897,-0.11226454,0.5844645,-0.6967504,-0.26116526,-0.037319496,-0.32995975,-0.12556165,0.02340379,0.35597673,-0.6678441,0.024446651,-0.38673127,0.25964597,-0.30622664,-0.2149961,0.42803007,0.17213985,0.4168373,-0.02918258,0.14799763,-0.20236425,0.1608343,0.28723666,0.30937615,-0.087076165,-0.3717588,-0.17999505,0.1393663,-0.5468284,-0.07889331,-0.1777799,0.080816954,0.21976535,-0.19524527,0.23586577,0.07914357,-0.002113964,-0.1752984,0.17137936,0.07031726,0.119992316,0.33516648,0.30139133,-0.21345012,-0.015366484,0.10544662,0.00040891516,0.04322802,0.116753854,-0.5416938,0.05846089,0.36303663,-0.12777613,0.03165899,-0.057572972,-0.02166662,0.034552522,-0.2697533,-0.28072616,-0.34083074,0.07399808,0.17268005,-0.35934585,-0.10781251,-0.017937785,0.17713729,0.09984428,0.042777054,-0.22621895,-0.17099229,-0.6974461,0.0919486,-0.11576241,-0.1891461,0.19632342,0.4106227,-0.014271723,-0.0665317,-0.009536953,0.0008695042,0.087466426,-0.5510297,-0.19548471,0.4248396,0.16575553,-0.12595573,-0.011821719,-0.0172093,0.08437981,0.06493506,0.2947809,0.2309444,-0.49398202,0.5193909,-0.25649458,-0.035937116,-0.63316697,0.1814545
p1t,0.7655061,-0.21990313,-0.2948091,0.13437465,0.03863371,-0.2581881,-0.4838298,0.3848634,-0.1312797,0.01916012,-0.36995155,0.07735495,0.020396622,0.07204465,-0.07320809,-0.05046375,-0.1903644,-0.13880296,-0.06458083,-0.17089888,0.102805786,0.19438794,-0.043702412,0.20012857,-0.4085695,-0.16008492,0.53202397,-0.084253035,0.38655877,0.110159084,-0.08366951,0.5832583,-0.6784838,-0.2608944,-0.04347017,-0.33964127,-0.12776297,0.053808715,0.31610638,-0.6526402,0.03518734,-0.38046458,0.25640205,-0.3061766,-0.1609747,0.41477215,0.14192376,0.40569305,-0.052497417,0.1222878,-0.1831025,0.14873886,0.327495,0.33650136,-0.12618394,-0.36306792,-0.14762624,0.12420909,-0.55765635,-0.06425399,-0.19157386,0.03978265,0.19181839,-0.17969199,0.23759484,0.087779365,-0.0073074154,-0.15095752,0.17480776,0.05133288,0.12842472,0.33782914,0.2816005,-0.17648189,-0.041376356,0.10936048,-0.012205926,0.056306638,0.1245404,-0.5370367,0.03421452,0.37337834,-0.14645891,0.004541423,-0.088439934,-0.03391958,0.024541516,-0.2441858,-0.26813588,-0.32979926,0.10477446,0.14113127,-0.3346735,-0.10986499,-0.042245477,0.19874296,0.11864909,0.05864016,-0.21905866,-0.18131478,-0.70007384,0.08943073,-0.1296711,-0.19368543,0.17758116,0.39629832,-0.0012011242,-0.06732903,-0.027336996,0.017615747,0.107420914,-0.54129857,-0.19237949,0.40886632,0.17446901,-0.095148504,0.031182753,0.011866404,0.0805034,0.044455603,0.28919393,0.23065399,-0.49030063,0.51177365,-0.22050902,-0.033581275,-0.58282644,0.16012877
p2t,0.67856675,-0.19964632,-0.26017407,0.112537615,0.043392535,-0.22513042,-0.43752295,0.3263845,-0.1389813,0.023766546,-0.3289312,0.07531775,0.021529436,0.0546709,-0.08315595,-0.039310038,-0.181361,-0.12227209,-0.05807229,-0.17392096,0.08320756,0.16849689,-0.028791403,0.16286433,-0.3528655,-0.1393913,0.47527596,-0.076805964,0.3492376,0.09750761,-0.09125973,0.51755315,-0.613546,-0.22854441,-0.03714333,-0.30008134,-0.10085608,0.046227362,0.29500067,-0.5792081,0.042024832,-0.3576565,0.21972737,-0.28168795,-0.15848565,0.3845298,0.13433956,0.37011844,-0.047222316,0.12729436,-0.18184118,0.13684501,0.28753823,0.30363807,-0.10103798,-0.33355454,-0.15462148,0.114366196,-0.49437153,-0.07267207,-0.16759257,0.060020644,0.17538252,-0.17591876,0.21823213,0.065972805,-0.009402189,-0.1485098,0.15715091,0.053371485,0.113839,0.31204316,0.24960351,-0.15945108,-0.0172889,0.0930837,-0.02325627,0.040084563,0.09982509,-0.47881237,0.04914935,0.3228053,-0.12010759,0.012269233,-0.0702985,-0.022418652,0.027985198,-0.2290296,-0.23912126,-0.28879994,0.092417456,0.12955375,-0.32041958,-0.09504414,-0.018846545,0.16707572,0.11319641,0.057450376,-0.19352214,-0.15294227,-0.6318983,0.09238908,-0.115157284,-0.170296,0.17165036,0.34494,-0.0036884602,-0.071273595,-0.025509847,0.014689418,0.10195217,-0.48461238,-0.15799536,0.3661305,0.14459911,-0.10065458,0.014812966,0.006019596,0.06037372,0.046804827,0.25727674,0.21231665,-0.43925315,0.45965174,-0.19875905,-0.036536433,-0.5484041,0.1435457
